Unnamed: 0,state,trump_votes,harris_votes,total_votes,last_updated,trump_share,State,Pre-Election Classification,inputstate,trump_poll_validated,num_respondents_validated
0,Kansas,758802,544853,1327591,2024-12-19T15:23:44.873000Z,0.5715630792917397,Kansas,Red,20,0.4228187919463087,298
1,Utah,883818,562566,1487951,2024-12-05T19:39:17.391000Z,0.5939832696103567,Utah,Red,49,0.5163934426229508,122
2,Oregon,919480,1240600,2229467,2024-12-18T17:58:30.217000Z,0.4124214442285981,Oregon,Blue,41,0.3390625,640
3,Oklahoma,1036213,499599,1566173,2024-12-05T19:39:12.923000Z,0.6616210342024795,Oklahoma,Red,40,0.5310734463276836,354
4,New Mexico,423391,478802,923403,2024-12-05T19:39:11.854000Z,0.4585116141056505,New Mexico,Likely Blue,35,0.3689839572192513,187
5,Louisiana,1208505,766870,2006975,2024-12-05T19:39:03.682000Z,0.6021524931800346,Louisiana,Red,22,0.4965034965034965,286
6,Washington,1530923,2245849,3898835,2024-12-05T19:39:20.864000Z,0.3926616540581994,Washington,Blue,53,0.3681528662420382,785
7,New York,3579519,4619543,8199062,2025-03-04T15:16:15.149000Z,0.43657664742625435,New York,Blue,36,0.36683417085427134,1791
8,Mississippi,747744,466668,1228008,2024-12-05T19:39:08.922000Z,0.6089080852893467,Mississippi,Red,28,0.5601851851851852,216
9,Wyoming,192633,69527,266353,2024-12-05T19:39:22.066000Z,0.7232244427507856,Wyoming,Red,56,0.6730769230769231,52
10,Vermont,119395,235791,366389,2024-12-05T19:39:18.753000Z,0.3258694993572405,Vermont,Blue,50,0.27450980392156865,51
11,Delaware,214351,289758,511697,2025-02-11T15:58:24.967000Z,0.4189022018890085,Delaware,Blue,10,0.38181818181818183,110
12,Montana,352079,231906,602963,2024-12-05T19:39:09.822000Z,0.583914767572803,Montana,Red,30,0.5798319327731093,119
13,Kentucky,1337494,704043,2073309,2024-12-30T20:15:27.288000Z,0.64510114025454,Kentucky,Red,21,0.5217391304347826,437
14,Virginia,2075085,2335395,4482576,2024-12-05T19:39:17.699000Z,0.4629224356709178,Virginia,Likely Blue,51,0.4778393351800554,722
15,Texas,6393597,4835250,11380105,2025-03-21T20:31:59.529000Z,0.5618223206200645,Texas,Red,48,0.4802362562471604,2201
16,Massachusetts,1251298,2126486,3453369,2025-02-12T21:00:15.336000Z,0.3623412383675188,Massachusetts,Blue,25,0.3544973544973545,567
17,Illinois,2449079,3062863,5592368,2024-12-30T08:49:43.924000Z,0.43793237497961507,Illinois,Blue,17,0.3954802259887006,1062
18,Arizona,1770242,1582860,3389319,2024-12-05T19:38:57.520000Z,0.5223002024890546,Arizona,Swing,4,0.539454806312769,697
19,Pennsylvania,3543308,3423042,7034206,2025-01-24T21:54:20.700000Z,0.5037253671558666,Pennsylvania,Swing,42,0.5158831003811944,1574
20,Colorado,1377441,1728159,3190873,2024-12-06T21:14:43.777000Z,0.4316815492186621,Colorado,Blue,8,0.4007220216606498,554
21,Iowa,927019,707278,1656849,2024-12-05T19:39:01.301000Z,0.5595072333085273,Iowa,Red,19,0.4401041666666667,384
22,New Jersey,1968215,2220713,4272725,2024-12-06T19:09:58.271000Z,0.4606463088544196,New Jersey,Blue,34,0.4590964590964591,819
23,South Dakota,272081,146859,428922,2024-12-05T19:39:14.677000Z,0.6343367791812964,South Dakota,Red,46,0.4305555555555556,72
24,Missouri,1751986,1200599,2993596,2024-12-12T15:57:58.757000Z,0.5852446355486846,Missouri,Red,29,0.482367758186398,794
25,Wisconsin,1697626,1668229,3415213,2025-01-17T15:32:00.741000Z,0.4970776346892566,Wisconsin,Swing,55,0.47295208655332305,647
26,Georgia,2663117,2548017,5250047,2024-12-05T19:39:00.323000Z,0.5072558398048627,Georgia,Swing,13,0.44323671497584544,828
27,Indiana,1720347,1163673,2933770,2025-02-21T18:41:13.317000Z,0.5863946389798791,Indiana,Red,18,0.48976377952755906,635
28,Nebraska,564816,369995,947159,2024-12-05T19:39:10.493000Z,0.5963264879497528,Nebraska,Red,31,0.5028901734104047,173
29,Alabama,1462616,772412,2256352,2025-01-09T21:04:19.526000Z,0.64822155408376,Alabama,Red,1,0.5521739130434783,460
30,Connecticut,736918,992053,1758429,2024-12-16T20:14:15.565000Z,0.41907748336725564,Connecticut,Blue,9,0.3595890410958904,292
31,North Dakota,246505,112327,365059,2024-12-05T19:39:10.227000Z,0.6752470148660902,North Dakota,Red,38,0.4666666666666667,60
32,Hawaii,193661,313044,516701,2024-12-05T19:39:01.242000Z,0.3748028356825321,Hawaii,Blue,15,0.29069767441860467,86
33,California,6081697,9276179,15862536,2024-12-16T17:03:45.700000Z,0.38340004397783556,California,Blue,6,0.33570159857904086,2252
34,Minnesota,1519032,1656979,3240916,2024-12-05T19:39:07.973000Z,0.4687045267449079,Minnesota,Likely Blue,27,0.39114391143911437,542
35,Tennessee,1966865,1056265,3063942,2024-12-05T19:39:15.077000Z,0.6419393709149847,Tennessee,Red,47,0.5548780487804879,656
36,New Hampshire,395523,418488,822116,2024-12-17T16:21:16.334000Z,0.481103639875638,New Hampshire,Likely Blue,33,0.35294117647058826,187
37,Michigan,2816636,2736533,5662504,2024-12-05T19:39:07.149000Z,0.4974188097703772,Michigan,Swing,26,0.47193585337915234,873
38,Nevada,751205,705197,1484840,2024-12-05T19:39:12.168000Z,0.505916462379785,Nevada,Swing,32,0.40993788819875776,322
39,North Carolina,2898423,2715375,5679647,2024-12-13T21:47:21.773000Z,0.5103174545882869,North Carolina,Swing,37,0.44933920704845814,908
40,Maine,377977,435652,831375,2024-12-30T21:16:30.530000Z,0.45464080589385053,Maine,Likely Blue,23,0.49640287769784175,139
41,Idaho,605246,274972,904812,2024-12-05T19:39:02.216000Z,0.6689190682705357,Idaho,Red,16,0.647887323943662,142
42,West Virginia,533556,214309,762390,2024-12-18T17:10:55.307000Z,0.6998465352378703,West Virginia,Red,54,0.6190476190476191,231
43,Ohio,3180116,2533699,5765017,2024-12-05T19:39:12.312000Z,0.5516230047543659,Ohio,Red,39,0.4276841171251109,1127
44,Florida,6110126,4683038,10893548,2025-02-21T21:56:08.064000Z,0.5608940264457457,Florida,Red,12,0.48735408560311283,2056
45,South Carolina,1483747,1028452,2548140,2024-12-05T19:39:14.240000Z,0.5822862951015251,South Carolina,Red,45,0.5480769230769231,520
46,Arkansas,759241,396905,1182676,2024-12-05T19:38:56.858000Z,0.6419687217800987,Arkansas,Red,5,0.5194805194805194,231
47,Maryland,1035550,1902577,3015650,2024-12-06T19:05:09.395000Z,0.34339197188002585,Maryland,Blue,24,0.3368200836820084,478
48,Alaska,184458,140026,338177,2024-12-05T19:38:56.358000Z,0.5454480937497228,Alaska,Red,2,0.44,75
49,Rhode Island,214406,285156,510659,2024-12-05T19:39:13.865000Z,0.4198613947859531,Rhode Island,Blue,44,0.3942307692307692,104
